,wx,wy,wz,nx,ny,nz,tx,ty,tz
0,2.21,8.736,0.534,1.641,6.94,3.639,-2.8169999999999997,7.709,5.811
1,2.315,8.871,0.7190000000000001,1.709,6.96,3.688,-4.043,8.267000000000001,5.936
2,2.404,8.941,1.006,1.774,6.877000000000002,3.901,-4.02,8.564,6.1579999999999995
3,2.5980000000000003,9.086,1.188,1.852,6.602,4.155,-4.743,8.647,6.296
4,2.904,9.274,1.4269999999999998,1.968,6.3,4.4030000000000005,-5.025,8.34,6.329
5,2.46,9.437999999999999,1.694,2.079,6.178,4.624,-4.9110000000000005,8.543,6.303999999999999
6,2.715,9.522,1.835,2.139,6.3420000000000005,4.847,-3.99,8.073,6.181
7,2.537,9.522,1.6769999999999998,2.166,6.7429999999999986,5.126,-4.168,8.073,5.874
8,2.3569999999999998,9.93,1.3130000000000002,2.115,7.059,5.428,-3.722,7.773,5.9510000000000005
9,2.209,9.851,0.7,1.969,7.107,5.642,-3.302,7.403,5.665
10,1.8630000000000002,10.077,0.157,1.798,7.013,5.647,-2.927,7.044,5.438
11,1.7730000000000001,10.105,-0.15,1.6269999999999998,7.08,5.49,-2.611,6.8770000000000024,5.409
12,2.274,9.789,0.163,1.4880000000000002,7.881,5.523,-2.383,7.022,5.596
13,3.299,9.056000000000001,0.016,1.3869999999999998,9.281,5.9689999999999985,-2.247,7.36,5.997000000000001
14,4.499,8.134,0.46,1.277,10.937,6.71,-2.149,7.626,6.4479999999999995
15,5.327999999999999,7.436,0.899,1.032,10.975,7.374,-2.113,7.657,6.822
16,5.404,7.178999999999999,1.251,0.403,9.292,7.375,-2.076,7.454,7.072
17,4.984,7.106,1.694,-0.5710000000000001,7.58,7.286,-1.8630000000000002,7.117999999999999,7.1770000000000005
18,4.42,7.029,1.95,-1.4340000000000002,6.785,7.664,-1.4480000000000002,6.834,7.0920000000000005
19,3.821,7.0470000000000015,2.065,-1.82,6.563,8.602,-0.892,6.755,6.845
20,3.486,7.184,2.1319999999999997,-1.835,6.28,9.518,-0.281,6.907,6.54
21,3.7039999999999997,7.306,2.3609999999999998,-1.727,5.948,10.258,0.253,7.2170000000000005,6.28
22,4.218999999999999,7.229,2.8080000000000003,-1.483,5.775,10.635,0.611,7.556,6.067
23,4.626,6.879,3.2489999999999997,-1.142,5.731,10.672,0.728,7.835,5.944
24,4.603,6.5420000000000025,3.5580000000000003,-0.779,5.45,10.406,0.597,7.997000000000001,5.899
25,4.3180000000000005,6.431,3.7089999999999996,-0.36,5.0760000000000005,9.501,0.315,8.016,5.9079999999999995
26,4.037,6.521,4.023,-0.159,4.773,8.908,-0.055,7.865,5.954
27,3.8569999999999998,6.671,4.428,-0.284,4.383,8.815,-0.381,7.615,5.9579999999999975
28,3.903,6.808,4.72,-0.478,3.832,8.987,-0.597,7.3260000000000005,5.899
29,4.167,6.954,4.878,-0.551,3.23,9.239,-0.5660000000000001,7.1,5.732
30,4.246,7.211,4.822,-0.523,2.813,9.518,-0.34600000000000003,7.013,5.4879999999999995
31,4.143,7.597,4.596,-0.468,2.617,9.79,-0.040999999999999995,7.058,5.285
32,4.065,8.126,4.399,-0.408,2.456,10.016,0.239,7.223,5.1579999999999995
33,4.073,8.593,4.374,-0.35,2.279,10.107,0.4,7.415,5.095
34,4.495,8.923,4.191,-0.223,2.105,10.094,0.409,7.519,5.083
35,5.513999999999999,9.44,3.9539999999999997,0.02,2.005,9.99,0.297,7.462999999999999,5.11
36,5.513999999999999,9.44,3.9539999999999997,0.376,1.958,9.906,0.122,7.2410000000000005,5.149
37,5.067,9.667,3.7110000000000003,0.784,1.911,9.895,-0.126,7.004,5.24
38,4.24,10.183,3.425,1.126,1.854,9.95,-0.44299999999999995,6.732,5.397
39,3.361,10.595999999999998,3.7289999999999996,1.298,1.84,10.017,-0.747,6.39,5.385
40,3.667,10.251,4.0680000000000005,1.3230000000000002,1.944,10.027,-0.9359999999999999,6.093999999999999,5.257999999999999
41,5.0360000000000005,9.687999999999999,4.6080000000000005,1.268,2.125,9.986,-0.919,5.83,5.004
42,6.95,9.182,4.956,1.217,2.322,9.912,-0.7509999999999999,5.631,4.62
43,8.437999999999999,8.788,4.8180000000000005,1.207,2.48,9.834,-0.4920000000000001,5.5710000000000015,4.143
44,9.379,8.395,4.095,1.227,2.594,9.723,-0.184,5.8870000000000005,3.7760000000000002
45,10.068999999999999,8.004,3.464,1.293,2.68,9.621,0.075,6.9479999999999995,3.91
46,10.235,7.29,2.963,1.433,2.725,9.578,0.297,8.23,4.827
47,9.779,6.553999999999999,2.674,1.596,2.728,9.614,0.621,8.535,6.351
48,9.1,5.99,2.521,1.739,2.704,9.687,1.057,8.139,8.18
49,8.642000000000001,5.327000000000001,2.6839999999999997,1.805,2.684,9.754,1.5219999999999998,7.452000000000001,9.576
50,8.161,4.981,2.753,1.757,2.698,9.756,2.0180000000000002,6.672999999999999,9.0
51,7.508999999999999,4.553,2.708,1.5830000000000002,2.757,9.762,2.497,6.063,6.376
52,6.851,3.779,2.5869999999999997,1.341,2.838,9.771,2.344,6.2860000000000005,3.156
53,6.011,3.218,2.582,1.111,2.899,9.752,0.5760000000000001,8.593,1.489
54,6.0089999999999995,2.855,2.6180000000000003,0.927,2.98,9.686,-2.148,13.075999999999999,2.863
55,6.692,2.471,2.7460000000000004,0.792,3.06,9.686,-5.6,16.649,6.64
56,6.9620000000000015,2.031,2.802,0.7070000000000001,3.0780000000000003,9.724,-8.857000000000003,17.16,9.767000000000001
57,6.608,1.399,2.573,0.7040000000000001,3.036,9.75,-10.011000000000001,15.19,8.544
58,5.91,1.02,2.101,0.743,2.938,9.778,-7.919,12.062999999999999,3.3480000000000003
59,5.164,1.1909999999999998,1.456,0.816,2.829,9.823,-3.468,9.111,-1.62
60,5.033,2.8510000000000004,1.225,0.8440000000000001,2.74,9.902,0.07200000000000001,7.0710000000000015,-2.83
61,5.231,3.455,0.6920000000000001,0.8029999999999999,2.715,9.957,1.3419999999999999,6.077999999999999,-2.218
62,5.349,2.589,0.575,0.693,2.764,9.955,1.3,6.294,-1.62
63,5.341,2.326,0.266,0.537,2.822,9.911,0.7040000000000001,7.6320000000000014,-1.171
64,5.254,2.75,-0.364,0.393,2.807,9.85,-0.28600000000000003,9.482999999999999,-0.79
65,5.4910000000000005,3.248,-0.348,0.26,2.734,9.767,-1.319,11.283,-0.43
66,5.162999999999999,3.0039999999999996,0.012,0.136,2.714,9.683,-2.1719999999999997,12.402000000000001,-0.09699999999999999
67,4.306,2.67,0.39899999999999997,-0.001,2.807,9.59,-2.605,12.638,0.243
68,3.122,3.0610000000000004,0.409,-0.159,3.037,9.518,-2.589,12.192,0.7020000000000001
69,2.479,3.971,-0.607,-0.381,3.28,9.485,-2.365,11.355,1.337
70,3.177,4.751,-2.085,-0.648,3.4610000000000003,9.404,-2.096,10.221,2.149
71,5.346,5.242999999999999,-3.33,-0.889,3.547,9.254,-1.768,9.049,2.745
72,7.987999999999999,5.301,-3.847,-1.093,3.595,9.098,-1.47,8.045,3.0669999999999997
73,9.656,5.267,-3.818,-1.277,3.692,8.934,-1.392,7.436,3.3360000000000003
74,10.251,5.675,-4.033,-1.4269999999999998,3.862,8.732999999999999,-1.5290000000000001,7.312,3.76
75,9.509,6.4979999999999976,-4.274,-1.5719999999999998,4.114,8.51,-1.7630000000000001,7.4689999999999985,4.399
76,8.54,7.436,-4.154,-1.693,4.386,8.309,-2.1,7.672999999999999,5.297999999999999
77,8.073,8.547,-3.45,-1.7819999999999998,4.642,8.14,-2.448,7.798999999999999,6.3020000000000005
78,8.238,9.799,-2.682,-1.845,4.837,8.023,-2.7510000000000003,7.713999999999999,7.136
79,8.935,10.482999999999999,-2.2230000000000003,-1.919,4.962,7.938,-3.0610000000000004,7.3020000000000005,7.579
80,9.437000000000001,10.427,-1.9409999999999998,-2.009,5.06,7.864,-3.153,6.6979999999999995,7.5429999999999975
81,9.355,9.98,-1.705,-2.081,5.169,7.773,-3.108,6.257999999999999,7.185
82,8.869,8.988999999999997,-1.141,-2.13,5.273,7.647,-3.177,6.153,6.692
83,8.249,8.027000000000001,-1.7209999999999999,-2.115,5.376,7.476,-3.3819999999999997,6.318,6.2070000000000025
84,7.954,7.479,-1.8769999999999998,-2.014,5.478,7.277,-3.73,6.62,5.862
85,8.462,7.098,-1.982,-1.866,5.58,7.108,-4.159,6.912999999999999,5.622000000000001
86,9.155,6.932,-2.416,-1.717,5.653,7.002000000000002,-4.5569999999999995,7.144,5.359
87,9.302999999999999,7.119,-2.089,-1.577,5.648,6.989,-4.755,7.348,4.95
88,8.333,7.314,-1.421,-1.47,5.58,7.004,-4.508,7.5429999999999975,4.628
89,6.632999999999999,6.926,-0.584,-1.409,5.523,6.989,-3.792,7.697,4.706
90,5.619,5.982,-0.467,-1.378,5.51,6.93,-2.716,7.664,5.367999999999999
91,4.852,5.522,-1.0,-1.346,5.528,6.845,-1.608,7.487,6.5429999999999975
92,4.675,5.827000000000001,-1.227,-1.288,5.558,6.738,-1.024,7.2410000000000005,7.901
93,5.162000000000001,6.127999999999999,-1.3719999999999999,-1.171,5.638,6.5779999999999985,-1.0070000000000001,7.027,8.922
94,4.993,6.23,-1.4080000000000001,-1.171,5.731,6.4510000000000005,-1.161,6.8770000000000024,9.285
95,4.132,6.452000000000001,-1.7719999999999998,-0.716,5.7860000000000005,6.2879999999999985,-1.16,6.744,8.754
96,3.6630000000000003,7.101,-2.872,-0.846,5.884,6.167000000000002,-0.8140000000000001,6.586,7.694
97,3.78,8.121,-3.444,-0.6729999999999999,6.096,6.127999999999999,-0.17800000000000002,6.388999999999999,6.904
98,4.287,8.367,-3.528,-0.599,6.709,6.069,0.172,6.218,6.517
99,5.432,7.9270000000000005,-3.537,-0.579,6.783,6.037000000000001,-0.235,6.08,6.461
100,5.689,7.005,-2.928,-0.511,7.59,5.983,-1.161,6.178999999999999,6.33
101,5.075,6.358,-2.6519999999999997,-0.336,7.434,5.962999999999999,-2.142,6.59,6.103
102,4.21,6.651,-2.582,-0.133,7.994,6.097,-3.341,7.0870000000000015,6.13
103,3.535,7.501,-2.713,0.05,8.677,6.403,-4.47,7.377999999999999,6.276
104,3.355,8.465,-3.207,0.28600000000000003,9.145,6.261,-5.046,7.535,6.278
105,3.875,9.243,-3.66,0.679,9.178,6.153,-5.053999999999999,7.562,6.1670000000000025
106,5.052,9.771,-4.069,1.216,8.921,5.968,-4.727,7.348,6.1579999999999995
107,6.021,9.971,-4.289,1.724,8.63,5.862,-4.098,6.976,6.09
108,6.079,9.881,-4.263999999999999,2.061,8.535,5.978,-3.1239999999999997,6.697,5.989
109,5.598,9.914,-4.218999999999999,2.178,8.461,6.19,-2.12,6.485,6.235
110,5.365,10.335999999999999,-3.9560000000000004,2.1630000000000003,8.302,6.363,-1.8230000000000002,6.242000000000001,6.593999999999999
111,5.712999999999999,10.94,-3.4930000000000003,2.11,8.092,6.428,-2.246,5.981,6.626
112,6.505,11.219000000000001,-3.122,2.162,7.931,6.474,-2.778,5.7620000000000005,6.287000000000001
113,7.393,11.353,-2.66,2.388,7.797999999999999,6.56,-2.952,5.968,6.665
114,7.545,11.284,-2.512,2.719,7.627999999999999,6.638,-2.8989999999999996,6.442,7.555
115,6.8370000000000015,10.953,-2.7319999999999998,3.063,7.451,6.766,-2.417,6.577999999999999,7.44
116,6.041,10.773,-3.2,3.399,7.241,6.999,-1.538,6.4979999999999976,6.81
117,5.9270000000000005,10.417,-3.748,3.613,7.0070000000000014,7.28,-1.2309999999999999,6.4639999999999995,6.67
118,6.7520000000000024,9.974,-4.092,3.64,6.8039999999999985,7.529,-1.805,6.1670000000000025,5.996
119,7.798999999999999,9.501,-4.2780000000000005,3.5210000000000004,6.6389999999999985,7.7120000000000015,-3.31,5.744,4.961
120,8.356,9.066,-4.395,3.388,6.539,7.81,-5.541,5.6979999999999995,4.605
121,8.243,8.69,-4.4860000000000015,3.317,6.567,7.7879999999999985,-7.722,6.1270000000000024,4.6339999999999995
122,7.838999999999999,7.9910000000000005,-4.489,3.369,6.7,7.654,-8.543,6.61,4.448
123,7.44,7.084,-4.343,3.516,6.803,7.547999999999999,-8.092,6.716,4.056
124,6.902,6.11,-4.266,3.626,6.747000000000001,7.485,-7.069,6.648,3.875
125,6.29,5.2620000000000005,-4.436,3.609,6.595,7.434,-5.965,6.928999999999999,4.251
126,5.978,4.6819999999999995,-5.0089999999999995,3.415,6.483,7.33,-5.01,7.399,4.641
127,6.019,4.125,-5.765,3.194,6.437,7.275,-4.393,7.854,4.585
128,6.09,3.695,-6.586,3.087,6.424,7.308,-3.801,8.198,4.332
129,6.341,3.083,-7.28,3.162,6.363,7.414,-3.083,8.346,4.2330000000000005
130,6.553,3.3710000000000004,-7.7429999999999986,3.3,6.231,7.553,-2.6289999999999996,8.31,4.367
131,6.814,3.16,-7.952000000000001,3.426,6.033,7.659,-2.4730000000000003,8.259,4.433
132,6.98,2.9589999999999996,-8.259,3.4730000000000003,5.52,7.755,-2.3,8.21,4.41
133,6.8,2.659,-8.448,3.4560000000000004,5.638,7.755,-2.292,8.124,4.4510000000000005
134,6.33,2.416,-8.482999999999999,3.387,5.499,7.705,-2.6830000000000003,8.14,4.475
135,5.787000000000001,2.3930000000000002,-8.971,3.26,5.416,7.584,-3.3289999999999997,8.215,4.12
136,5.316,2.708,-9.597000000000001,3.0860000000000003,5.356,7.447999999999999,-3.891,8.182,3.681
137,5.124,3.253,-10.212,2.907,5.296,7.341,-4.197,8.156,3.54
138,5.083,4.008,-10.773,2.77,5.224,7.257999999999999,-4.191,8.151,3.657
139,5.273,4.909,-11.196,2.679,5.136,7.2029999999999985,-4.1110000000000015,8.043,3.9960000000000004
140,5.4639999999999995,5.774,-11.275,2.579,5.059,7.216,-3.778,7.952000000000001,4.197
141,5.364,6.322,-11.027999999999999,2.51,4.939,7.222,-3.487,7.952000000000001,4.262
142,5.003,6.693,-10.862,2.488,4.766,7.1629999999999985,-3.286,8.273,4.263999999999999
143,4.7989999999999995,7.23,-11.075999999999999,2.491,4.739,7.0310000000000015,-3.34,8.07,4.234
144,4.984,7.973,-11.536,2.512,4.916,7.1110000000000015,-3.395,8.14,4.322
145,5.3260000000000005,8.763,-11.918,2.5810000000000004,5.1389999999999985,7.186,-3.181,8.1,4.322
146,5.4479999999999995,9.517000000000001,-12.136,2.665,5.4110000000000005,7.174,-2.677,8.013,4.834
147,5.52,10.255999999999998,-12.24,2.728,5.7029999999999985,7.136,-2.073,7.937,4.703
148,5.626,10.789000000000001,-12.339,2.696,5.922999999999999,7.0470000000000015,-1.719,7.869,4.775
149,5.593999999999999,11.129000000000001,-12.467,2.532,6.03,6.971,-1.598,7.882999999999999,4.63
150,5.622000000000001,11.489,-12.665,2.264,6.114,6.947,-1.518,7.809,4.496
151,5.74,11.481,-12.78,2.264,6.114,6.947,-1.587,7.5779999999999985,4.526
152,5.692,11.126,-12.968,1.999,6.164,6.9,-1.8769999999999998,7.485,4.614
153,5.425,10.513,-13.222000000000001,1.82,6.239,6.815,-2.254,7.653,4.703
154,4.897,9.872,-13.479000000000001,1.715,6.468,6.681,-2.662,7.797999999999999,4.83
155,4.5310000000000015,9.416,-13.677,1.664,6.9,6.533,-2.966,7.867000000000001,4.8260000000000005
156,4.731,9.118,-13.809000000000001,1.609,7.435,6.369,-3.043,7.9570000000000025,4.629
157,5.1770000000000005,8.847999999999997,-13.85,1.571,7.901,6.263,-2.992,8.079,4.44
158,5.513999999999999,8.466000000000001,-13.946,1.4480000000000002,8.267000000000001,6.211,-2.842,8.218,4.277
159,5.843,8.253,-14.092,1.192,8.552,6.311,-2.616,8.29,4.1160000000000005
160,6.256,7.973,-13.786,0.7609999999999999,8.675,6.494,-2.467,8.248,3.858
161,6.51,7.664,-13.023,0.205,8.468,6.624,-2.636,8.132,3.534
162,6.41,7.5379999999999985,-11.927999999999999,-0.407,7.974,6.603,-3.1060000000000003,8.001,3.32
163,5.829,8.368,-11.908,-0.966,7.407999999999999,6.53,-3.595,7.875,3.2910000000000004
164,6.375,7.0710000000000015,-7.035,-1.39,6.979,6.382999999999999,-3.932,7.847,3.425
165,3.845,8.478,-7.465,-1.621,6.779,6.206,-4.114,7.9979999999999976,3.551
166,5.4110000000000005,8.335,-6.096,-1.659,6.7620000000000005,6.065,-4.047,8.189,3.6719999999999997
167,4.6080000000000005,8.127,-4.2010000000000005,-1.5530000000000002,6.809,6.0310000000000015,-3.8510000000000004,8.261000000000001,3.7289999999999996
168,2.862,8.351,-2.835,-1.426,6.8279999999999985,6.081,-3.657,8.357999999999999,3.693
169,3.148,8.597999999999999,-1.784,-1.318,6.852,6.148,-3.395,8.539,3.638
170,3.27,9.014,-0.977,-1.29,6.895,6.184,-3.097,8.718,3.4930000000000003
171,2.515,9.434,-0.473,-1.352,6.99,6.185,-2.66,8.915,3.377
172,1.787,9.72,-0.016,-1.45,7.107,6.232,-2.291,9.017999999999999,3.3089999999999997
173,1.237,9.881,0.389,-1.556,7.162000000000001,6.393,-2.322,9.115,3.227
174,0.779,9.967,0.612,-1.597,7.057,6.5520000000000005,-2.699,9.279,3.179
175,0.322,9.999,0.7040000000000001,-1.517,6.864,6.604,-3.103,9.352,3.127
176,-0.129,9.846,0.6809999999999999,-1.33,6.724,6.586,-3.342,9.238999999999999,3.035
177,-0.608,9.556000000000001,0.5479999999999999,-1.094,6.68,6.6,-3.415,9.026,2.977
178,-1.002,9.252,0.38799999999999996,-0.8340000000000001,6.754,6.675,-3.3360000000000003,8.82,3.014
179,-1.062,8.917,0.26,-0.594,6.8439999999999985,6.755,-3.218,8.545,3.051
180,-0.9420000000000001,8.616,0.059000000000000004,-0.454,6.886,6.767,-3.263,8.318999999999999,3.075
181,-0.867,8.422,-0.182,-0.45,6.871,6.698,-3.591,8.382,3.089
182,-0.746,8.368,-0.48200000000000004,-0.517,6.885,6.606,-3.9219999999999997,8.594,3.1689999999999996
183,-0.494,8.454,-0.882,-0.615,6.9060000000000015,6.489,-3.997,8.738,3.165
184,-0.27399999999999997,8.496,-1.45,-0.715,6.936,6.335,-3.7760000000000002,8.851,3.1239999999999997
185,-0.127,8.631,-2.14,-0.778,7.017,6.1789999999999985,-3.3489999999999998,8.995,3.2060000000000004
186,0.365,8.982000000000003,-2.7560000000000002,-0.892,7.0779999999999985,6.084,-2.905,9.111,3.25
187,1.36,9.21,-3.0010000000000003,-1.068,7.1560000000000015,5.9929999999999986,-2.5069999999999997,9.193999999999999,3.154
188,2.392,9.173,-2.9739999999999998,-1.273,7.221,5.891,-2.184,9.267000000000001,2.9960000000000004
189,3.069,9.131,-3.0180000000000002,-1.401,7.295,5.742000000000001,-1.8219999999999998,9.185,2.889
190,3.478,9.068,-3.2230000000000003,-1.398,7.35,5.593,-1.615,8.823,2.795
191,3.944,9.038,-3.577,-1.239,7.392,5.4529999999999985,-1.706,8.516,2.7710000000000004
192,4.388999999999999,9.05,-4.052,-0.935,7.476,5.325,-1.975,8.496,2.867
193,4.5710000000000015,9.006,-4.641,-0.532,7.568,5.21,-2.215,8.654,3.083
194,4.526,8.817,-5.215,-0.134,7.615,5.101,-2.362,8.85,3.292
195,4.584,8.487,-5.675,0.139,7.6110000000000015,5.0280000000000005,-2.495,9.044,3.407
196,4.98,8.116,-6.124,0.187,7.5939999999999985,5.034,-2.635,9.081,3.443
197,5.751,7.617000000000001,-6.518,0.035,7.587999999999999,5.034,-2.835,8.918,3.389
198,6.598,6.899,-6.871,-0.17,7.643,4.938,-3.09,8.658999999999999,3.193
199,7.391,5.871,-7.2520000000000024,-0.298,7.763,4.792,-3.2439999999999998,8.367,2.85
200,7.9220000000000015,4.84,-7.858,-0.265,7.849,4.671,-3.238,8.121,2.555
201,8.302,3.991,-8.592,-0.075,7.888,4.592,-3.245,8.047,2.452
202,8.568999999999999,3.655,-9.713,0.111,7.867000000000001,4.597,-3.2439999999999998,8.207,2.4659999999999997
203,8.613,3.658,-11.094000000000001,0.174,7.881,4.52,-3.158,8.51,2.6060000000000003
204,8.334,3.838,-12.405999999999999,0.14,7.952000000000001,4.468,-2.975,8.812000000000003,2.775
205,7.8329999999999975,4.253,-13.507,0.059,7.957000000000002,4.548,-2.715,9.025,2.8810000000000002
206,7.521,4.806,-14.24,-0.035,7.883999999999999,4.685,-2.491,9.097999999999999,2.897
207,7.6610000000000005,5.382999999999999,-14.524000000000001,-0.066,7.831,4.739,-2.3569999999999998,9.068,2.8680000000000003
208,7.782,5.6739999999999995,-14.668,-0.035,7.831,4.688,-2.33,9.006,2.8539999999999996
209,7.4110000000000005,5.642,-14.894,0.036000000000000004,7.835,4.587,-2.331,8.89,2.7710000000000004
210,6.954,5.282,-15.360999999999999,0.121,7.819,4.53,-2.401,8.742,2.678
211,6.652,4.84,-15.925,0.195,7.749,4.557,-2.5860000000000003,8.612,2.5980000000000003
212,6.197,4.14,-16.288,0.194,7.569,4.563,-2.853,8.584,2.549
213,5.796,3.03,-16.605999999999998,0.13,7.393,4.591,-3.0789999999999997,8.639,2.6
214,5.768,2.021,-16.849,-0.048,7.271,4.6960000000000015,-3.23,8.697000000000001,2.7510000000000003
215,5.859,0.991,-17.052,-0.213,7.294,4.8210000000000015,-3.282,8.701,2.988
216,5.772,-0.35,-17.298,-0.345,7.58,5.064,-3.233,8.637,3.196
217,5.29,-1.6680000000000001,-17.673,-0.421,8.052,5.414,-3.095,8.531,3.302
218,4.9,-2.878,-18.195,-0.447,8.381,5.83,-2.938,8.437999999999999,3.298
219,4.854,-3.8139999999999996,-18.659000000000002,-0.36,8.383,6.127000000000002,-2.8510000000000004,8.344,3.1460000000000004
220,4.8389999999999995,-4.175,-19.015,-0.034,8.046,6.394,-2.925,8.31,2.884
221,5.103,-3.877,-19.348,0.487,7.496,6.705,-3.177,8.383,2.77
222,5.3820000000000014,-2.966,-19.616,1.135,6.949,6.9910000000000005,-3.512,8.562999999999999,2.8480000000000003
223,5.247999999999998,-1.489,-19.752,1.6869999999999998,6.589,7.134,-3.705,8.741,3.031
224,5.2360000000000015,0.257,-19.671,2.116,6.4910000000000005,7.101,-3.681,8.821,3.214
225,5.58,2.154,-19.128,2.253,6.721,7.029,-3.536,8.793,3.3689999999999998
226,6.3770000000000024,3.6510000000000002,-18.219,2.081,7.136,6.932,-3.3789999999999996,8.744,3.42
227,6.8389999999999995,4.288,-16.937,1.733,7.548999999999999,6.879,-3.2430000000000003,8.654,3.3789999999999996
228,6.372000000000001,4.468999999999999,-15.62,1.386,7.841,6.954,-3.1210000000000004,8.499,3.327
229,5.63,4.35,-14.175999999999998,1.161,7.885,7.064,-3.035,8.249,3.359
230,4.875,4.102,-12.409,1.113,8.006,7.127999999999999,-3.002,7.939,3.515
231,4.177,3.827,-10.505,1.21,8.264,7.2879999999999985,-3.0060000000000002,7.66,3.8
232,3.092,4.614,-10.204,1.3869999999999998,8.584,7.445,-3.103,7.42,4.158
233,3.448,2.383,-3.576,1.633,8.772,7.5939999999999985,-3.303,7.324,4.596
234,1.891,4.592,-5.059,1.951,8.702,7.75,-3.487,7.42,5.007
235,5.601,3.673,-3.87,2.231,8.443999999999999,7.797999999999999,-3.4989999999999997,7.597,5.26
236,4.081,3.718,-2.717,2.359,8.368,7.727,-3.3080000000000003,7.8020000000000005,5.41
237,2.533,3.845,-2.0780000000000003,2.34,8.407,7.585,-2.9189999999999996,7.997000000000001,5.456
238,4.088,3.926,-1.6440000000000001,2.286,8.392000000000001,7.416,-2.3890000000000002,8.14,5.504
239,4.393,3.8310000000000004,-1.344,2.237,8.189,7.362999999999999,-1.876,8.246,5.695
240,3.737,3.7430000000000003,-1.207,2.108,7.926,7.415,-1.5219999999999998,8.37,6.032
241,3.4619999999999997,3.5839999999999996,-1.189,2.108,7.772,7.4529999999999985,-1.25,8.424,6.527
242,3.241,3.4960000000000004,-1.222,1.5659999999999998,7.707000000000002,7.423999999999999,-0.8859999999999999,8.411,7.0820000000000025
243,3.197,3.487,-1.255,1.601,7.572,7.337999999999999,-0.33399999999999996,8.363999999999999,7.6179999999999986
244,3.32,3.523,-1.304,1.3430000000000002,7.307,7.174,0.32899999999999996,8.341000000000001,8.022
245,3.32,3.655,-1.422,1.15,7.001,6.97,0.9640000000000001,8.357999999999999,8.343
246,3.367,3.736,-1.528,1.003,6.681,6.794,1.4380000000000002,8.388,8.595
247,3.202,3.8689999999999998,-1.8019999999999998,0.934,6.6789999999999985,6.655,1.568,8.32,8.745
248,3.202,4.053,-2.283,0.937,6.39,6.521,1.234,8.054,8.647
249,3.13,4.183,-2.886,0.965,6.1389999999999985,6.214,0.688,7.439,8.335
250,3.116,4.314,-3.2960000000000003,0.992,5.91,6.414,0.187,6.5070000000000014,7.95
251,3.388,4.314,-3.445,1.021,5.727,6.36,-0.25,5.551,7.629
252,3.725,4.343,-3.445,1.0759999999999998,5.601,6.3420000000000005,-0.7829999999999999,4.822,7.397
253,3.952,4.371,-3.863,1.168,5.515,6.324,-1.581,4.421,7.205
254,4.172,4.5,-3.764,1.203,5.4670000000000005,6.332999999999998,-2.5610000000000004,4.3469999999999995,6.9079999999999995
255,4.515,4.762,-4.021,1.186,5.417999999999998,6.369,-3.765,4.4639999999999995,6.306
256,4.803999999999999,5.098,-4.263999999999999,1.12,5.4060000000000015,6.381,-4.83,4.73,5.8610000000000015
257,5.07,5.434,-4.578,1.016,5.407,6.425,-5.443,4.823,5.587999999999999
258,5.2829999999999995,5.756,-5.001,0.94,5.3889999999999985,6.497999999999998,-5.522,4.726,5.449
259,5.456,5.9579999999999975,-5.374,0.927,5.309,6.613,-5.291,4.41,5.209
260,5.66,6.109,-5.62,1.025,5.1389999999999985,6.724,-4.954,4.008,4.718
261,5.994,6.2970000000000015,-5.831,1.172,5.049,6.814,-4.492,3.765,4.186
262,6.415,6.5420000000000025,-6.035,1.328,5.088,7.113,-3.989,3.8280000000000003,3.73
263,6.817,6.711,-6.152,1.431,5.039,7.292999999999998,-3.37,4.104,3.497
264,6.966,6.9579999999999975,-6.2570000000000014,1.48,4.915,7.399,-2.6239999999999997,4.498,3.43
265,6.92,7.306,-6.409,1.4280000000000002,4.834,7.415,-1.79,5.112,3.259
266,7.0020000000000024,7.651,-6.6270000000000024,1.344,4.828,7.494,-0.909,6.7620000000000005,3.804
267,7.102,7.95,-6.85,1.332,4.881,7.626,-0.721,10.075,6.6560000000000015
268,6.973,8.059,-7.0829999999999975,1.294,5.08,7.657,-2.229,12.487,12.382
269,6.64,8.103,-7.447999999999999,1.177,5.549,7.701,-4.618,11.751,15.168
270,6.372000000000001,8.067,-7.954,1.064,6.195,7.664,-5.8,11.015999999999998,13.651
271,6.232,7.7879999999999985,-8.359,1.01,7.129,7.697,-6.106,10.078,10.595999999999998
272,5.947,7.362999999999999,-8.543,1.109,8.177,8.124,-4.062,8.392999999999999,6.5920000000000005
273,5.51,6.896,-8.533999999999999,1.208,8.496,8.474,-1.115,6.395,3.5060000000000002
274,5.082,6.404,-8.466000000000001,1.259,7.615,8.516,-0.9279999999999999,5.25,2.877
275,4.6960000000000015,5.8420000000000005,-8.501,1.241,6.309,8.744,1.58,5.157,3.595
276,4.1610000000000005,5.169,-8.742,1.051,5.545,9.207,2.37,5.77,3.7119999999999997
277,3.412,4.252,-9.312999999999999,0.6629999999999999,5.63,9.556,2.392,5.653,3.285
278,2.365,2.867,-10.033,0.219,6.1389999999999985,9.629,1.919,6.807,2.989
279,1.021,1.344,-10.773,-0.171,6.5520000000000005,9.477,0.754,8.198,2.989
280,-0.242,-0.044000000000000004,-11.427999999999999,-0.508,6.627999999999999,9.251,-0.7240000000000001,9.321,2.8160000000000003
281,-0.816,-0.8,-12.052,-0.785,6.363,9.066,-2.06,9.895,2.84
282,-0.741,-1.028,-12.597999999999999,-1.009,5.9220000000000015,8.841000000000003,-3.387,10.088,2.762
283,-0.5770000000000001,-1.0,-12.932,-1.232,5.52,8.525,-4.512,10.259,2.381
284,-0.634,-0.767,-13.112,-1.471,5.276,8.355,-5.127000000000002,10.274000000000001,1.979
285,-0.7390000000000001,-0.183,-13.335999999999999,-1.6840000000000002,5.118,8.304,-4.992,10.001,1.7590000000000001
286,-0.6679999999999999,0.5579999999999999,-13.454,-1.895,4.931,8.286,-4.44,9.547,1.633
287,-0.33399999999999996,1.2309999999999999,-13.405,-2.138,4.73,8.289,-3.8680000000000003,9.208,1.469
288,0.336,1.749,-13.202,-2.392,4.583,8.232000000000001,-3.2560000000000002,9.145,1.484
289,1.228,2.045,-12.902000000000001,-2.605,4.524,8.086,-2.531,9.264,1.8219999999999998
290,2.221,2.266,-12.677999999999999,-2.715,4.502,7.869,-1.709,9.463,2.193
291,3.304,2.5069999999999997,-12.719000000000001,-2.787,4.508,7.67,-0.9279999999999999,9.644,2.355
292,4.2589999999999995,2.7310000000000003,-12.847000000000001,-2.822,4.527,7.452000000000001,-0.314,9.797,2.418
293,4.84,2.846,-12.981,-2.873,4.593,7.254,-0.025,9.856,2.47
294,5.2620000000000005,2.826,-13.295,-2.938,4.6560000000000015,7.084,-0.22899999999999998,9.773,2.458
295,5.7860000000000005,2.9810000000000003,-13.748,-2.995,4.67,6.93,-0.764,9.591000000000001,2.37
296,6.1110000000000015,3.117,-14.241,-3.049,4.757,6.832000000000002,-1.4780000000000002,9.357000000000001,2.3280000000000003
297,6.444,3.1210000000000004,-14.696,-3.184,4.883,6.783,-2.198,9.161,2.274
298,7.0329999999999995,3.13,-15.452,-3.4210000000000003,4.99,6.839,-2.813,9.042,2.306
299,7.0329999999999995,3.13,-15.452,-3.639,5.04,6.898,-3.305,8.948,2.4459999999999997
300,7.211,3.3960000000000004,-16.054000000000002,-3.68,5.042,6.91,-3.681,8.845,2.5340000000000003
301,7.14,3.8280000000000003,-16.753,-3.607,5.078,6.88,-3.972,8.777000000000001,2.4330000000000003
302,6.7120000000000015,4.335,-17.285,-3.5460000000000003,5.165,6.943,-4.181,8.746,2.294
303,6.27,4.996,-17.62,-3.502,5.225,7.087999999999999,-4.323,8.709,2.247
304,5.978,5.877999999999999,-17.663,-3.488,5.255,7.221,-4.468999999999999,8.642000000000001,2.3369999999999997
305,5.766,6.63,-17.352,-3.487,5.277,7.379,-4.629,8.564,2.4330000000000003
306,5.555,7.058,-16.739,-3.5,5.3039999999999985,7.519,-4.69,8.529,2.494
307,5.235,7.0070000000000014,-15.82,-3.478,5.313,7.647,-4.573,8.517000000000001,2.622
308,4.8180000000000005,6.379,-14.587,-3.43,5.398,7.734,-4.367,8.513,2.78
309,4.216,5.5310000000000015,-13.175,-3.425,5.581,7.649,-4.1960000000000015,8.462,2.9360000000000004
310,4.141,4.6960000000000015,-11.504000000000001,-3.462,5.776,7.518,-4.064,8.374,2.977
311,4.005,3.84,-9.711,-3.542,5.879,7.403,-3.898,8.323,2.99
312,2.8739999999999997,3.4330000000000003,-7.447,-3.721,5.817,7.39,-3.741,8.335,3.011
313,3.657,2.523,-5.8420000000000005,-3.995,5.629,7.479,-3.535,8.437999999999999,3.055
314,4.447,2.613,-5.202999999999999,-4.27,5.484,7.479,-3.139,8.604,3.1660000000000004
315,4.04,2.355,-4.258,-4.533,5.499,7.379,-2.546,8.763,3.2310000000000003
316,3.037,2.38,-3.3710000000000004,-4.694,5.6160000000000005,7.262,-2.031,8.844,3.2119999999999997
317,2.758,2.532,-2.674,-4.755,5.62,7.2010000000000005,-1.733,8.877,3.023
318,2.7760000000000002,2.702,-2.18,-4.7410000000000005,5.525,7.242000000000001,-1.67,8.941,2.78
319,2.753,2.7030000000000003,-1.669,-4.681,5.424,7.305,-1.864,9.026,2.6180000000000003
320,2.574,2.532,-1.183,-4.724,5.4289999999999985,7.271,-2.326,9.14,2.423
321,2.52,2.394,-0.977,-4.82,5.541,7.18,-2.813,9.283999999999999,2.133
322,2.616,2.403,-0.9540000000000001,-4.93,5.667999999999998,7.021,-3.051,9.482000000000001,1.911
323,2.823,2.497,-1.107,-5.065,5.76,6.8039999999999985,-3.162,9.588,1.864
324,2.98,2.656,-1.324,-5.136,5.855,6.515,-3.1719999999999997,9.641,1.976
325,3.1510000000000002,2.812,-1.535,-4.998,5.9460000000000015,6.209,-2.9410000000000003,9.671,2.373
326,3.263,2.9139999999999997,-1.798,-4.714,6.027,5.97,-2.553,9.506,2.958
327,3.3710000000000004,2.931,-2.114,-4.4510000000000005,6.075,5.832999999999998,-2.188,9.118,3.466
328,3.4760000000000004,2.95,-2.352,-4.276,6.134,5.685,-1.841,8.656,3.707
329,3.627,3.033,-2.492,-4.166,6.189,5.5470000000000015,-1.517,8.294,3.74
330,4.065,3.194,-2.5380000000000003,-4.058,6.209,5.4220000000000015,-1.31,8.107000000000001,3.721
331,4.7139999999999995,3.3360000000000003,-2.563,-3.974,6.124,5.357,-1.383,8.115,3.798
332,5.394,3.534,-2.673,-3.909,5.99,5.371,-1.72,8.315,4.004
333,6.103,3.6719999999999997,-2.855,-3.815,5.882999999999999,5.358,-2.1630000000000003,8.775,4.368
334,6.68,3.741,-3.014,-3.709,5.829,5.346,-2.6660000000000004,9.343,4.748
335,7.023,3.7960000000000003,-3.242,-3.5980000000000003,5.814,5.375,-3.111,9.822000000000001,5.284
336,7.162000000000001,3.96,-3.533,-3.517,5.801,5.38,-2.988,9.865,6.08
337,7.315,4.044,-3.798,-3.524,5.774,5.3610000000000015,-2.242,9.294,6.5760000000000005
338,7.479,3.988,-4.124,-3.6010000000000004,5.732,5.246,-1.392,8.6,6.755
339,7.562,4.001,-4.6419999999999995,-3.667,5.726,5.067,-0.578,7.945,6.955
340,7.648,4.131,-5.114,-3.644,5.727,4.769,0.081,7.4289999999999985,7.125
341,7.812,4.192,-5.25,-3.523,5.685,4.543,0.138,6.916,7.225
342,7.865,3.99,-5.131,-3.354,5.5920000000000005,4.499,-0.41700000000000004,6.487,7.242000000000001
343,7.687,3.622,-4.926,-3.221,5.499,4.588,-1.311,6.164,7.3260000000000005
344,7.4,3.2689999999999997,-4.8610000000000015,-3.1830000000000003,5.532,4.732,-2.187,5.867000000000001,7.4929999999999986
345,7.1960000000000015,3.0010000000000003,-4.944,-3.309,5.692,4.942,-2.903,5.652,7.694
346,7.14,2.892,-5.222,-3.585,5.921,5.125,-3.3539999999999996,5.534,7.879
347,7.2879999999999985,3.055,-5.631,-3.839,6.121,5.2010000000000005,-3.572,5.63,8.162
348,7.485,3.263,-6.172999999999999,-3.906,6.223,5.252999999999999,-3.695,5.854,8.57
349,7.62,3.145,-6.749,-3.758,6.292999999999998,5.224,-3.734,5.6339999999999995,8.837
350,7.6610000000000005,2.8169999999999997,-7.2010000000000005,-3.366,6.542000000000002,4.878,-3.305,4.849,8.455
351,7.6610000000000005,2.506,-7.38,-2.86,6.879,4.438,-2.597,3.8080000000000003,7.18
352,7.584,2.318,-7.337999999999999,-2.423,7.129,4.324,-1.75,2.701,4.755
353,7.441,2.239,-6.955,-2.2430000000000003,7.3039999999999985,4.517,-0.903,1.68,1.724
354,7.2360000000000015,2.194,-6.472,-2.376,7.524,4.798,-0.345,1.952,-0.39899999999999997
355,7.0520000000000005,2.247,-6.007999999999999,-2.704,7.7879999999999985,5.114,-0.327,4.324,0.168
356,7.0489999999999995,2.376,-5.5829999999999975,-3.0810000000000004,8.021,5.471,-0.391,7.894,3.1289999999999996
357,7.126,2.628,-5.375,-3.408,8.187999999999999,5.862,-0.643,11.104000000000001,8.279
358,7.3,2.898,-5.455,-3.515,8.235,6.261,-1.401,11.945,12.13
359,7.462999999999999,3.008,-5.768,-3.225,8.327,6.245,-2.476,12.167,11.245999999999999
360,7.638,2.7089999999999996,-5.989,-2.747,8.503,5.915,-3.417,11.539000000000001,7.666
361,8.094,1.935,-5.723,-2.316,8.686,5.725,-2.9930000000000003,9.919,4.981
362,8.921,0.929,-4.9719999999999995,-2.033,8.77,5.832999999999998,-2.184,8.152000000000001,5.205
363,9.887,-0.006,-3.94,-1.93,8.767999999999999,6.097,-1.5719999999999998,6.682,5.35
364,10.806,-0.703,-3.147,-1.988,8.71,6.355,-0.892,5.872000000000001,4.185
365,11.767999999999999,-0.879,-2.95,-2.176,8.568,6.561,-0.74,6.178999999999999,3.766
366,11.685,-0.575,-3.432,-2.4090000000000003,8.387,6.731,-0.889,6.966,3.4139999999999997
367,11.2,-0.138,-4.966,-2.52,8.183,6.8679999999999986,-1.147,7.772,3.375
368,11.046,0.16899999999999998,-6.604,-2.397,7.898,7.057,-2.1630000000000003,8.505,3.365
369,11.322000000000001,0.21899999999999997,-7.971,-2.115,7.624,7.108,-3.4339999999999997,9.294,2.846
370,13.007,0.773,-9.008,-1.785,7.541,6.864,-4.351,9.823,2.655
371,14.140999999999998,2.234,-9.621,-1.499,7.629,6.566,-5.277,9.926,2.513
372,14.357000000000001,4.25,-9.765,-1.268,7.807,6.482,-6.358,9.646,2.377
373,13.818,6.191,-10.152999999999999,-1.124,7.973,6.636,-7.3020000000000005,9.044,2.513
374,12.645,8.051,-10.284,-1.069,8.037,6.926,-7.586,8.446,2.5860000000000003
375,10.652000000000001,9.773,-10.255999999999998,-1.199,7.9220000000000015,7.278,-7.021,8.024,2.714
376,8.007,11.038,-10.623,-1.55,7.646,7.542999999999998,-6.1229999999999976,7.871,2.78
377,5.124,11.705,-11.332,-1.906,7.451,7.518,-5.471,8.049,2.843
378,2.563,11.535,-11.724,-2.1790000000000003,7.351,7.372000000000001,-5.234,8.419,2.9539999999999997
379,1.228,10.29,-11.535,-2.465,7.2010000000000005,7.383999999999999,-5.4239999999999995,8.758,3.014
380,1.645,8.558,-11.24,-2.859,6.983,7.518,-5.801,8.982000000000003,2.963
381,3.008,6.7920000000000025,-10.888,-3.244,6.768,7.672999999999999,-6.047999999999999,9.066,2.945
382,4.275,5.93,-10.912,-3.533,6.553,7.848,-5.9879999999999995,9.035,3.012
383,4.83,7.221,-11.652999999999999,-3.676,6.3610000000000015,8.101,-5.612,8.91,3.0839999999999996
384,4.909,9.777999999999999,-12.878,-3.64,6.1629999999999985,8.291,-5.069,8.697000000000001,3.162
385,5.0089999999999995,11.984000000000002,-13.745,-3.64,5.932,8.183,-4.459,8.478,3.185
386,4.52,13.203,-14.249,-3.0980000000000003,5.738,7.963999999999999,-3.7960000000000003,8.352,3.15
387,3.508,13.47,-14.645,-3.072,5.6179999999999986,7.879,-3.2060000000000004,8.377,3.1689999999999996
388,2.885,13.248,-14.887,-2.786,5.573,7.926,-2.721,8.505,3.148
389,3.2569999999999997,12.889000000000001,-14.72,-2.667,5.266,7.91,-2.324,8.718,3.0039999999999996
390,4.234,12.575999999999999,-14.177999999999999,-2.567,5.497000000000001,7.7639999999999985,-2.0469999999999997,8.941,2.877
391,4.901,12.195,-13.902999999999999,-2.382,5.382999999999999,7.602,-1.9369999999999998,9.147,2.819
392,4.992,11.880999999999998,-13.647,-2.087,5.316,7.5070000000000014,-1.9609999999999999,9.301,2.8
393,4.617,11.817,-13.099,-1.739,5.318,7.5070000000000014,-2.057,9.347000000000001,2.891
394,3.59,11.812000000000001,-12.669,-1.399,5.332999999999998,7.491,-2.157,9.25,3.035
395,2.516,12.469000000000001,-13.925,-1.197,5.261,7.442,-2.205,9.057,3.196
396,0.995,12.472999999999999,-7.308,-1.156,5.15,7.3210000000000015,-2.131,8.794,3.4
397,-0.39399999999999996,10.867,-10.248,-1.197,5.102,7.141,-1.875,8.519,3.627
398,0.48700000000000004,11.989,-8.742,-1.311,5.191,6.932,-1.507,8.262,3.7680000000000002
399,2.713,9.324,-6.912999999999999,-1.53,5.457999999999998,6.723,-1.202,8.097999999999999,3.923
400,3.7510000000000003,7.805,-5.624,-1.794,5.8889999999999985,6.476,-1.056,8.042,4.074
401,3.238,7.324,-5.104,-2.014,6.355,6.229,-1.161,8.072000000000001,4.265
402,1.994,6.37,-4.4719999999999995,-2.161,6.765,6.062,-1.5019999999999998,8.128,4.4830000000000005
403,0.711,5.431,-3.8089999999999997,-2.296,7.112,6.026,-1.956,8.145,4.659
404,-0.23600000000000002,4.695,-3.267,-2.472,7.325,5.997000000000001,-2.4419999999999997,8.051,4.748
405,-0.792,3.93,-2.83,-2.659,7.427,5.92,-2.923,7.921,4.876
406,-0.88,3.4810000000000003,-2.6180000000000003,-2.834,7.606,5.794,-3.1719999999999997,7.812,5.122000000000001
407,-0.474,3.4619999999999997,-2.503,-2.963,7.869,5.697,-3.105,7.816,5.235
408,0.474,3.5610000000000004,-2.343,-3.048,8.133,5.539,-2.897,7.932,5.254
409,1.6480000000000001,3.522,-2.185,-3.0210000000000004,8.308,5.391,-2.539,8.179,5.352
410,2.594,3.4,-2.114,-2.927,8.361,5.334,-2.145,8.414,5.58
411,3.029,3.327,-2.2640000000000002,-2.807,8.3,5.3679999999999986,-1.796,8.552999999999999,5.891
412,3.093,3.3989999999999996,-2.656,-2.647,8.201,5.359,-1.489,8.602,6.311
413,2.983,3.5810000000000004,-3.263,-2.484,8.079,5.282,-1.161,8.522,6.723
414,2.877,3.755,-3.8360000000000003,-2.321,7.976,5.239,-1.079,8.352,6.912000000000001
415,2.884,3.8939999999999997,-4.414,-2.198,7.851,5.215,-0.603,8.046,6.925
416,2.9939999999999998,4.086,-5.021,-2.142,7.72,5.204,-0.255,8.161,6.874
417,3.1660000000000004,4.288,-5.521,-2.13,7.683,5.127000000000002,-0.23199999999999998,7.975,6.896
418,3.3819999999999997,4.417,-5.803999999999999,-2.09,7.752000000000002,4.987,-0.4920000000000001,7.796,6.825
419,3.4739999999999998,4.421,-5.926,-1.99,7.875,4.853,-0.934,7.6270000000000024,6.518
420,3.182,4.328,-6.244,-1.823,7.995,4.809,-1.574,7.396,6.718
421,2.823,4.401,-6.8370000000000015,-1.644,8.07,4.83,-2.342,7.0089999999999995,6.557
422,2.7889999999999997,4.702,-7.609,-1.453,8.101,4.879,-3.032,6.524,6.499
423,3.142,4.952,-8.432,-1.301,8.112,4.921,-3.221,6.127999999999999,6.164
424,3.64,5.037,-9.072000000000001,-1.1740000000000002,8.091000000000001,4.919,-3.045,5.8370000000000015,5.875
425,3.9010000000000002,4.954,-9.372,-1.075,8.03,4.925,-2.673,5.555,5.553
426,3.655,4.739,-9.383,-0.948,7.945,4.883,-2.01,5.393,5.322
427,3.177,4.407,-9.082,-0.7340000000000001,7.915,4.787,-1.2930000000000001,5.297999999999999,5.327000000000001
428,2.7880000000000003,4.0169999999999995,-8.623,-0.464,7.877000000000002,4.705,-0.718,5.104,5.46
429,2.7510000000000003,3.488,-8.133,-0.174,7.825,4.635,-0.37799999999999995,4.802,5.574
430,2.977,2.574,-7.831,0.08900000000000001,7.775,4.548,-0.251,4.393,5.4979999999999976
431,3.0780000000000003,1.526,-7.98,0.271,7.715,4.399,-0.21100000000000002,4.037,5.2010000000000005
432,3.1319999999999997,0.775,-8.435,0.324,7.581,4.221,0.017,3.925,4.794
433,3.4010000000000002,0.39299999999999996,-8.922,0.237,7.435,4.1,0.5760000000000001,4.526,4.4239999999999995
434,3.845,0.455,-9.288,0.019,7.292999999999998,4.021,1.168,6.021,4.7010000000000005
435,4.298,0.8420000000000001,-9.538,-0.219,7.174,3.934,1.126,7.933,5.91
436,4.596,1.325,-9.573,-0.35100000000000003,7.074,3.819,0.154,10.162,8.246
437,4.604,1.52,-9.257,-0.341,7.001,3.728,-1.6469999999999998,11.519,11.225
438,4.11,1.317,-8.738,-0.211,6.964,3.658,-3.31,11.617,12.995999999999999
439,3.389,1.135,-8.49,-0.018000000000000002,6.9529999999999985,3.608,-4.493,10.868,12.249
440,2.9930000000000003,1.391,-8.914,0.138,6.87,3.573,-4.8839999999999995,9.161,8.699
441,2.8680000000000003,2.046,-9.969,0.217,6.672999999999999,3.4810000000000003,-4.126,7.309,4.168
442,3.031,2.65,-10.822000000000001,0.287,6.443,3.335,-2.884,6.319,1.528
443,3.4010000000000002,3.127,-10.975999999999999,0.328,6.334,3.306,-1.669,6.108,0.903
444,3.488,3.511,-10.56,0.28,6.504,3.534,-0.8320000000000001,6.319,1.137
445,3.157,3.765,-10.016,0.051,6.7879999999999985,3.78,-0.828,6.829,1.574
446,2.545,3.822,-9.67,-0.342,7.009,3.916,-1.7209999999999999,7.7079999999999975,2.033
447,1.829,3.513,-9.363999999999999,-0.7829999999999999,7.069,3.885,-3.075,8.722999999999999,2.076
448,1.24,3.109,-9.175,-1.237,6.8679999999999986,3.754,-4.19,9.695,1.65
449,0.9309999999999999,2.798,-8.853,-1.556,6.381,3.63,-4.849,10.475,1.67
450,0.9420000000000001,2.546,-8.283999999999999,-1.932,5.881,3.789,-5.1739999999999995,10.934000000000001,2.0909999999999997
451,1.122,2.395,-7.76,-2.454,5.617000000000001,4.2810000000000015,-4.9110000000000005,11.022,2.0909999999999997
452,1.375,2.215,-7.445,-2.454,5.617000000000001,4.2810000000000015,-3.9419999999999997,10.823,1.6340000000000001
453,1.493,1.578,-7.239,-3.19,5.6960000000000015,4.921,-2.508,10.448,1.338
454,1.2209999999999999,0.5820000000000001,-7.184,-4.015,5.956,5.376,-1.196,10.032,1.474
455,0.935,-0.39899999999999997,-7.271,-4.732,6.232,5.544,-0.18,9.735,1.8519999999999999
456,0.6659999999999999,-0.996,-7.3370000000000015,-5.59,6.397,5.746,0.584,9.606,2.266
457,0.4920000000000001,-1.041,-7.4620000000000015,-6.71,6.519,6.07,0.903,9.646,2.611
458,0.506,-0.82,-7.642,-7.916,6.732,6.2970000000000015,0.684,9.762,2.8
459,0.5770000000000001,-0.48700000000000004,-7.831,-9.136,6.928,6.527,-0.081,9.861,2.8539999999999996
460,0.19899999999999998,-0.059000000000000004,-8.267999999999999,-10.062,6.95,7.0379999999999985,-1.3159999999999998,9.828,2.83
461,-0.5720000000000001,0.5429999999999999,-8.997,-10.5,6.627999999999999,7.702000000000001,-2.707,9.695,2.668
462,-1.42,1.07,-10.305,-10.459,6.105,8.367,-3.827,9.433,2.4659999999999997
463,-1.867,2.023,-11.942,-10.114,5.6789999999999985,8.947000000000003,-4.3,9.145,2.274
464,-1.281,4.004,-13.008,-9.711,5.318,9.518,-4.141,8.952,2.073
465,0.515,6.312,-13.849,-9.443,5.064,10.007,-3.6910000000000003,8.957,1.839
466,3.315,8.48,-14.414000000000001,-9.334,4.939,10.289,-3.2560000000000002,9.103,1.69
467,6.2929999999999975,11.582,-15.19,-9.303,4.934,10.251,-3.0069999999999997,9.267999999999999,1.6869999999999998
468,8.562000000000001,15.793,-16.723,-9.293,4.998,10.216,-3.0389999999999997,9.352,1.7819999999999998
469,8.024,19.436,-17.837,-9.225,5.033,10.458,-3.225,9.379,2.028
470,4.603,21.869,-17.491,-9.072,4.828,10.77,-3.2680000000000002,9.384,2.45
471,-0.272,23.49,-16.937,-8.982999999999997,4.586,10.939,-3.095,9.238,2.9389999999999996
472,-4.147,24.785999999999998,-16.6,-9.084,4.507,10.949000000000002,-2.927,8.966000000000003,3.468
473,-3.655,24.88300000000001,-16.828,-9.303,4.454,10.667,-2.8139999999999996,8.717,3.9210000000000003
474,-2.089,23.66800000000001,-17.727999999999994,-9.506,4.387,10.148,-2.6710000000000003,8.539,4.245
475,-1.45,21.112,-18.373,-9.474,4.294,9.56,-2.385,8.465,4.572
476,-0.821,17.23,-17.456,-9.078,4.185,9.029,-2.023,8.478,4.73
477,0.983,12.225999999999999,-14.759,-8.443999999999999,4.134,8.588,-1.73,8.491,4.678
478,4.032,7.6179999999999986,-12.125,-7.8,4.087,8.182,-1.556,8.402000000000001,4.726
479,6.862,4.9510000000000005,-10.525,-7.295,4.017,7.697,-1.5219999999999998,8.193,4.855
480,7.574,3.924,-9.704,-6.95,3.948,7.205,-1.585,7.8889999999999985,5.084
481,6.278,4.015,-9.009,-6.7410000000000005,3.935,6.761,-1.806,7.567,5.4
482,4.035,5.379,-8.469,-6.63,3.96,6.316,-2.1180000000000003,7.4289999999999985,5.6960000000000015
483,2.503,7.331,-8.103,-6.553,4.015,5.933,-2.33,7.684,5.936
484,1.227,9.45,-7.485,-6.48,4.044,5.573,-2.365,8.267000000000001,6.122000000000001
485,1.452,12.197000000000001,-6.715,-6.336,4.0139999999999985,5.185,-2.28,8.809,6.218999999999999
486,0.34,14.819,-5.347,-6.114,3.991,4.761,-2.246,9.124,6.287999999999999
487,-0.804,16.045,-3.7489999999999997,-5.879,4.032,4.3660000000000005,-2.397,8.712,6.3210000000000015
488,-1.974,16.509,-2.823,-5.6560000000000015,4.12,4.02,-2.725,7.954,6.56
489,-3.0039999999999996,16.5,-2.612,-5.438,4.226,3.759,-2.333,7.205,6.7860000000000005
490,-3.572,16.546,-2.612,-5.24,4.3439999999999985,3.565,-1.663,6.557,6.688
491,-3.535,16.451,-2.276,-5.077,4.506,3.4,-1.156,6.021,6.103
492,-2.99,15.914000000000001,-2.2159999999999997,-4.934,4.676,3.236,-0.998,5.671,5.515
493,-2.11,15.065999999999999,-1.8519999999999999,-4.768,4.794,3.087,-1.1840000000000002,5.6129999999999995,5.314
494,-1.073,14.335999999999999,-1.806,-4.519,4.854,2.989,-1.324,5.756,5.38
495,-0.042,13.921,-2.028,-4.266,4.871,2.972,-1.185,5.96,5.551
496,1.034,13.41,-2.2,-4.051,4.9030000000000005,2.842,-0.868,6.077999999999999,5.8260000000000005
497,1.8730000000000002,12.493,-2.274,-3.798,5.053,2.611,-0.5539999999999999,6.045,6.206
498,2.15,11.255999999999998,-2.491,-3.497,5.315,2.472,-0.342,5.8320000000000025,6.517
499,2.154,9.997,-2.886,-3.267,5.599,2.532,-0.34700000000000003,5.47,6.579
500,2.6439999999999997,8.847999999999997,-3.355,-3.162,5.896,2.668,-0.608,5.0569999999999995,6.327999999999999
501,3.5589999999999997,7.87,-3.7710000000000004,-3.194,6.191,2.883,-1.0070000000000001,4.751,5.796
502,4.3660000000000005,6.983,-4.1110000000000015,-3.367,6.4060000000000015,3.205,-1.34,4.846,5.045
503,4.893,6.2920000000000025,-4.502,-3.615,6.572,3.4810000000000003,-1.055,5.4979999999999976,4.4460000000000015
504,5.091,5.814,-4.902,-3.813,6.722,3.666,0.07200000000000001,6.303,4.235
505,5.187,5.665,-5.303,-3.871,6.857,3.806,1.569,6.97,4.569
506,5.341,5.789,-5.71,-3.753,7.082999999999998,3.862,2.747,7.426,5.586
507,5.6110000000000015,6.041,-6.098,-3.619,7.396,3.941,2.97,8.04,7.393
508,5.7410000000000005,6.053999999999999,-6.388,-3.614,7.687,4.1,1.537,8.914,10.467
509,5.65,5.98,-6.636,-3.754,7.879,4.355,-1.495,9.275,13.683
510,5.477,5.99,-6.996,-3.922,7.942,4.5680000000000005,-4.379,9.087,14.062000000000001
511,5.24,5.6679999999999975,-7.517,-3.966,7.973,4.6560000000000015,-5.51,8.677999999999999,11.753
512,5.091,5.138,-8.106,-3.853,8.06,4.651,-4.5680000000000005,7.72,7.902
513,5.085,4.822,-8.833,-3.634,8.091000000000001,4.694,-2.504,6.974,4.365
514,5.154,4.927,-9.638,-3.276,8.121,4.615,-0.754,6.607,3.425
515,5.247999999999998,5.28,-10.39,-2.889,8.102,4.492,0.7879999999999999,5.956,3.9130000000000003
516,5.1320000000000014,5.495,-10.985999999999999,-2.564,7.968,4.45,1.7080000000000002,5.229,4.565
517,4.6930000000000005,5.449,-11.317,-2.337,7.879,4.496,0.877,5.0089999999999995,5.047
518,4.0489999999999995,5.337999999999999,-11.424000000000001,-2.126,7.9,4.627,-1.3840000000000001,5.721,5.144
519,3.5389999999999997,5.324,-11.332,-1.9,7.992000000000001,4.854,-3.9210000000000003,7.023,5.308
520,3.3280000000000003,5.4220000000000015,-11.056,-1.7180000000000002,8.124,5.1160000000000005,-6.4579999999999975,8.193999999999999,5.358
521,3.4560000000000004,5.5889999999999995,-11.043,-1.66,8.373,5.26,-8.581,8.796,4.785
522,3.7460000000000004,5.872000000000001,-11.297,-1.72,8.594,5.339,-9.45,8.744,4.059
523,4.152,6.256,-11.779000000000002,-1.833,8.61,5.471,-8.894,8.152999999999999,3.8160000000000003
524,4.664,6.735,-12.388,-1.976,8.513,5.665,-7.519,7.428,3.978
525,5.199,7.112,-12.572000000000001,-2.105,8.434,5.792000000000002,-6.188,7.0470000000000015,4.131
526,5.612,7.114,-12.395999999999999,-2.221,8.377,5.909,-5.0310000000000015,7.199,4.229
527,5.784,6.901,-11.960999999999999,-2.398,8.327,6.087999999999999,-4.258,7.6270000000000024,4.262
528,5.685,6.6610000000000005,-11.375,-2.539,8.246,6.239,-3.838,8.029,4.168
529,5.4579999999999975,6.5089999999999995,-10.81,-2.516,8.158999999999999,6.436,-3.79,8.334,4.058
530,5.192,6.4879999999999995,-10.525,-2.375,8.083,6.709,-3.845,8.527999999999999,3.949
531,4.919,6.555,-10.434000000000001,-2.233,8.033999999999999,7.005,-3.8569999999999998,8.718,3.865
532,4.863,6.742999999999999,-10.350999999999999,-1.926,7.93,7.127999999999999,-3.7889999999999997,8.976,3.7910000000000004
533,5.093999999999999,6.937,-9.975,-2.091,7.806,6.782,-3.488,9.323,3.636
534,5.3389999999999995,6.974,-9.305,-1.931,7.671,6.315,-2.862,9.701,3.3480000000000003
535,5.471,6.966,-8.511000000000001,-1.663,7.505,5.905,-1.999,10.025,3.111
536,5.513,6.999,-7.642,-1.44,7.198,5.567,-1.05,10.195,3.036
537,5.395,6.96,-6.8210000000000015,-1.19,7.355,5.516,-0.159,10.135,3.035
538,5.0969999999999995,6.864,-6.175,-0.943,7.3,5.891,0.426,9.904,3.0
539,4.623,6.73,-5.718999999999999,-0.936,7.315,6.539,0.516,9.657,2.986
540,4.088,6.606,-5.4179999999999975,-1.199,7.315,7.151,0.156,9.482999999999999,2.99
541,3.6239999999999997,6.541,-5.171,-1.682,7.142,7.434,-0.488,9.304,2.966
542,3.25,6.466,-4.907,-2.361,6.822,7.885,-1.2570000000000001,9.125,2.835
543,3.015,6.44,-4.5569999999999995,-2.998,6.525,7.944,-2.035,8.976,2.696
544,2.9360000000000004,6.574,-4.16,-3.3110000000000004,6.408,8.082,-2.667,8.86,2.6430000000000002
545,2.944,6.8260000000000005,-3.6039999999999996,-3.157,6.428,8.074,-3.112,8.717,2.685
546,3.015,7.093999999999999,-2.97,-2.66,6.501,8.065,-3.508,8.531,2.903
547,3.13,7.296,-2.37,-2.085,6.515,8.102,-3.8680000000000003,8.298,3.263
548,3.182,7.3870000000000005,-1.827,-1.696,6.523,8.175,-4.131,8.07,3.6310000000000002
549,3.117,7.369,-1.42,-1.5419999999999998,6.541,8.187000000000001,-4.191,7.891,3.9219999999999997
550,2.947,7.3660000000000005,-1.126,-1.501,6.585,8.052999999999999,-4.092,7.6629999999999985,4.129
551,2.7460000000000004,7.4,-0.98,-1.409,6.638,7.8820000000000014,-4.092,7.416,4.283
552,2.654,7.466,-0.935,-1.233,6.653,7.77,-4.063,7.3,4.466
553,2.6260000000000003,7.518,-0.893,-1.043,6.621,7.622000000000001,-4.098,7.405,4.651
554,2.5810000000000004,7.666,-0.84,-0.8640000000000001,6.621,7.351,-4.061,7.709,4.837
555,2.513,7.825,-0.813,-0.7120000000000001,6.683,7.0760000000000005,-3.898,8.145,5.012
556,2.461,7.955,-0.741,-0.5820000000000001,6.8020000000000005,6.834,-3.588,8.758,5.107
557,2.5180000000000002,8.037,-0.584,-0.485,6.924,6.6610000000000005,-3.181,8.666,5.235
558,2.62,8.066,-0.39399999999999996,-0.425,7.011,6.551,-2.812,9.166,5.5070000000000014
559,2.67,8.078,-0.198,-0.395,6.99,6.462999999999999,-2.616,9.482999999999999,6.12
560,2.654,8.092,0.024,-0.394,6.87,6.331,-2.6039999999999996,9.544,6.146
561,2.6460000000000004,8.142999999999999,0.22399999999999998,-0.439,6.886,6.069,-2.658,9.469,6.5120000000000005
562,2.658,8.225,0.396,-0.466,7.035,5.744,-2.421,9.544,6.487
563,2.696,8.312999999999999,0.5479999999999999,-0.4370000000000001,7.244,5.483,-1.776,9.861,6.5829999999999975
564,2.737,8.362,0.638,-0.315,7.383999999999999,5.404,-1.2229999999999999,9.914,6.765
565,2.85,8.505,0.727,-0.13,7.43,5.444,-1.235,9.203,6.754
566,3.0410000000000004,8.728,0.7290000000000001,0.044,7.445,5.497999999999998,-1.12,7.923999999999999,6.8020000000000005
567,3.15,8.947000000000003,0.672,0.163,7.491,5.497999999999998,-1.0090000000000001,6.393,6.282
568,3.2119999999999997,9.085,0.546,0.26,7.564,5.513,-0.767,5.205,5.608
569,3.245,9.216000000000001,0.354,0.371,7.6720000000000015,5.4860000000000015,-0.618,4.468999999999999,5.077
570,3.262,9.377,0.21100000000000002,0.517,7.7570000000000014,5.424,-0.7390000000000001,4.025,4.9110000000000005
571,3.278,9.531,-0.034,0.62,7.773,5.3679999999999986,-0.915,3.8,4.99
572,3.195,9.623,-0.322,0.591,7.724,5.315,-0.992,3.8760000000000003,5.202999999999999
573,3.037,9.609,-0.54,0.469,7.782,5.235,-0.843,4.184,5.4060000000000015
574,2.875,9.525,-0.6679999999999999,0.316,7.902,5.256,-0.527,4.551,5.5329999999999995
575,2.7260000000000004,9.349,-0.6679999999999999,0.175,7.962999999999999,5.468,-0.281,4.834,5.563
576,2.612,9.062999999999999,-0.539,0.004,7.967,5.649,-0.22699999999999998,5.113,5.529
577,2.504,8.753,-0.28,-0.175,8.04,5.534,-0.26,5.477,5.626
578,2.343,8.487,0.001,-0.32,8.286,5.043,-0.289,5.752999999999999,5.78
579,2.151,8.318999999999999,0.196,-0.35600000000000004,8.584,4.634,-0.271,5.778,5.681
580,1.963,8.267000000000001,0.287,-0.384,8.745,4.597,-0.184,5.6679999999999975,5.405
581,1.8459999999999999,8.376,0.297,-0.59,8.766,4.8,-0.08,5.7010000000000005,5.138999999999999
582,1.814,8.635,0.209,-0.919,8.677,5.01,0.02,6.3389999999999995,5.222
583,1.8459999999999999,8.985,-0.022000000000000002,-1.221,8.519,5.186,0.299,7.705,5.999
584,1.931,9.325,-0.273,-1.372,8.382,5.274,0.4370000000000001,9.112,7.532
585,2.048,9.65,-0.503,-1.35,8.314,5.27,-0.023,10.347999999999999,9.661
586,2.116,9.953,-0.715,-1.144,8.367,5.18,-1.194,11.137,11.915
587,2.084,10.13,-0.996,-0.873,8.478,5.075,-2.5989999999999998,11.065,12.735
588,1.962,10.36,-1.21,-0.662,8.497,5.0539999999999985,-3.602,10.384,11.323
589,1.695,10.55,-1.383,-0.608,8.488999999999999,5.034,-3.804,9.323,8.514
590,1.3359999999999999,10.603,-1.4980000000000002,-0.7,8.531,4.939,-3.0669999999999997,8.068,5.65
591,0.8740000000000001,10.479000000000001,-1.615,-0.943,8.584,4.842,-1.79,7.057,3.6639999999999997
592,0.315,10.187000000000001,-1.723,-1.258,8.551,4.75,-0.607,6.558,2.4730000000000003
593,-0.223,9.869,-1.719,-1.529,8.447000000000001,4.602,0.494,6.5889999999999995,2.01
594,-0.6990000000000001,9.597000000000001,-1.695,-1.653,8.35,4.487,1.4769999999999999,7.016,2.024
595,-1.195,9.434,-1.7,-1.69,8.195,4.538,1.8230000000000002,7.547999999999999,2.207
596,-1.682,9.342,-1.683,-1.751,8.041,4.6960000000000015,1.295,8.107000000000001,2.551
597,-2.1630000000000003,9.384,-1.6280000000000001,-1.824,7.888,4.81,0.078,8.683,2.818
598,-2.553,9.456,-1.595,-1.867,7.7429999999999986,4.802,-1.421,9.334,2.865
599,-2.838,9.559,-1.589,-1.877,7.67,4.751,-2.7460000000000004,10.009,2.9810000000000003
600,-3.071,9.679,-1.5419999999999998,-1.883,7.633999999999999,4.751,-3.648,10.482999999999999,3.323
601,-3.071,9.814,-1.492,-1.912,7.609,4.8039999999999985,-4.0169999999999995,10.493,3.511
602,-3.2289999999999996,9.992,-1.4069999999999998,-1.939,7.561,4.812,-3.747,10.062000000000001,3.197
603,-3.363,10.264000000000001,-1.307,-1.917,7.529,4.785,-2.865,9.442,2.7030000000000003
604,-3.488,10.623,-1.2309999999999999,-1.883,7.5070000000000014,4.766,-1.743,8.891,2.2359999999999998
605,-3.61,10.93,-1.2329999999999999,-1.933,7.478,4.835,-0.8340000000000001,8.683,1.8019999999999998
606,-3.78,11.28,-1.192,-2.154,7.3610000000000015,5.03,-0.486,8.824,1.5119999999999998
607,-4.0,11.308,-0.992,-2.496,7.186,5.2,-0.632,9.2,1.5590000000000002
608,-4.18,11.648,-0.6859999999999999,-2.807,7.016,5.225,-1.125,9.722999999999999,1.7919999999999998
609,-4.05,11.935,-0.784,-2.931,6.886,5.205,-1.666,10.189,1.85
610,-3.5,12.030999999999999,-0.778,-2.865,6.7429999999999986,5.1789999999999985,-2.023,10.477,1.8659999999999999
611,-2.784,11.779000000000002,-0.628,-2.692,6.595,5.234,-2.1519999999999997,10.508,1.945
612,-2.154,11.19,-0.311,-2.636,6.473,5.357,-2.036,10.349,2.039
613,-1.692,10.392999999999999,0.04,-2.806,6.431,5.529,-1.7719999999999998,10.089,2.089
614,-1.525,9.665,0.49,-3.144,6.439,5.811,-1.4809999999999999,9.774,2.095
615,-1.636,9.157,1.063,-3.554,6.439,6.124,-1.3019999999999998,9.503,2.2159999999999997
616,-1.889,8.927,1.496,-3.932,6.445,6.068,-1.379,9.283999999999999,2.399
617,-2.146,8.969,1.7990000000000002,-4.055,6.442,5.707999999999998,-1.6740000000000002,9.125,2.5810000000000004
618,-2.3680000000000003,9.276,2.1630000000000003,-4.022,6.445,5.495,-2.094,9.067,2.695
619,-2.549,9.734,2.476,-3.852,6.3889999999999985,5.5379999999999985,-2.541,9.052,2.8169999999999997
620,-2.766,10.226,2.655,-3.648,6.254,5.754,-2.863,9.097999999999999,2.938
621,-2.6910000000000003,10.657,2.925,-3.485,6.08,5.926,-2.966,9.221,3.1519999999999997
622,-2.2230000000000003,10.789000000000001,3.6260000000000003,-3.381,5.96,6.059,-2.9139999999999997,9.242,3.4539999999999997
623,-1.585,10.530999999999999,4.334,-3.381,5.922999999999999,6.108,-2.819,9.131,3.762
624,-1.12,9.979,4.824,-3.468,5.99,6.1160000000000005,-2.696,8.952,4.034
625,-1.361,8.845,5.132999999999999,-3.735,6.044,6.061,-2.582,8.776,4.338
626,-1.361,8.845,5.132999999999999,-4.069,6.056,6.017,-2.555,8.638,4.7360000000000015
627,-1.9680000000000002,8.464,4.955,-4.359,6.023,6.0470000000000015,-2.549,8.61,5.25
628,-3.139,7.8660000000000005,4.302,-4.48,5.982,6.169,-2.65,8.681000000000001,5.577999999999999
629,-3.139,7.8660000000000005,4.302,-4.458,5.92,6.367000000000001,-2.7039999999999997,8.593,6.051
630,-3.592,7.608,4.02,-4.31,5.8660000000000005,6.518,-2.563,8.14,6.3370000000000015
631,-4.041,7.394,3.887,-4.181,5.879,6.5120000000000005,-2.227,7.466,6.365
632,-4.447,7.21,3.903,-4.15,6.006,6.332999999999998,-1.9869999999999999,6.754,6.341
633,-4.822,7.0889999999999995,3.955,-4.375,6.34,6.183,-1.896,6.178999999999999,6.559
634,-5.154,7.066,3.998,-4.762,6.849,6.069,-1.931,5.945,6.737
635,-5.422999999999999,7.189,4.041,-5.052,7.251,5.994,-2.24,6.245,6.675
636,-5.614,7.459,3.94,-5.171,7.311,6.033,-3.1239999999999997,7.148,7.019
637,-5.718999999999999,7.767,3.772,-5.2010000000000005,7.252000000000002,6.09,-4.404,8.106,8.141
638,-5.659,7.909,3.634,-5.2120000000000015,7.265,6.0470000000000015,-5.25,8.735,9.693
639,-5.521,7.737999999999999,3.6,-5.23,7.33,5.959,-5.392,8.935,10.618
640,-5.416,7.355,3.638,-5.18,7.3610000000000015,5.879,-4.578,8.631,10.325999999999999
641,-5.419,6.942,3.673,-5.089,7.341,5.8679999999999986,-3.4,7.827000000000001,8.964
642,-5.5729999999999995,6.625,3.662,-5.042,7.282,5.835,-2.512,6.669,7.14
643,-5.805,6.3839999999999995,3.654,-4.992,7.213999999999999,5.667000000000002,-1.9809999999999999,5.337999999999999,5.817
644,-6.077999999999999,6.136,3.622,-4.938,7.153,5.355,-1.393,4.064,5.052
645,-6.3610000000000015,5.857,3.551,-4.895,7.1320000000000014,5.113,-0.619,3.237,4.428999999999999
646,-6.649,5.5760000000000005,3.437,-4.865,7.122000000000001,5.037,-0.066,2.989,3.912
647,-6.876,5.319,3.286,-4.814,7.11,5.067,0.39299999999999996,3.245,3.645
648,-7.001,5.0969999999999995,3.1210000000000004,-4.7410000000000005,7.034,5.162000000000001,1.014,3.93,3.827
649,-7.023,4.9030000000000005,2.95,-4.604,6.9860000000000015,5.283,1.5330000000000001,4.717,4.029
650,-6.893,4.69,2.801,-4.428,6.98,5.363,1.696,5.312,4.051
651,-6.6679999999999975,4.453,2.747,-4.227,6.98,5.345,1.4280000000000002,5.6160000000000005,4.0889999999999995
652,-6.579,4.148,2.835,-4.013,6.97,5.255,0.863,5.655,4.177
653,-6.614,3.8,2.971,-3.776,6.98,5.1370000000000005,0.207,5.562,4.24
654,-6.74,3.555,3.11,-3.522,6.97,4.992,-0.344,5.454,4.263
655,-6.943,3.4610000000000003,3.2560000000000002,-3.293,6.941,4.848,-0.7759999999999999,5.391,4.4719999999999995
656,-7.213999999999999,3.571,3.359,-3.084,6.934,4.695,-1.053,5.401,4.968
657,-7.374,3.8760000000000003,3.341,-2.92,6.9289999999999985,4.634,-1.2009999999999998,5.454,5.681
658,-7.365,4.208,3.239,-2.819,6.916,4.638,-1.189,5.513999999999999,6.3820000000000014
659,-7.391,4.36,3.1210000000000004,-2.813,6.973,4.617,-1.034,5.553,6.905
660,-7.474,4.256,3.068,-2.865,7.082999999999998,4.573,-0.8140000000000001,5.605,7.3889999999999985
661,-7.5139999999999985,3.948,3.14,-2.891,7.165,4.518,-0.69,5.715,7.9060000000000015
662,-7.505,3.62,3.335,-2.8680000000000003,7.227,4.415,-0.758,5.867000000000001,8.351
663,-7.527,3.409,3.657,-2.749,7.25,4.3260000000000005,-0.9159999999999999,6.197,8.721
664,-7.635,3.323,4.013999999999999,-2.553,7.235,4.33,-1.115,6.862,9.469
665,-7.8020000000000005,3.324,4.3839999999999995,-2.373,7.169,4.38,-1.554,7.93,10.974
666,-7.949,3.43,4.738,-2.255,7.096,4.454,-2.563,8.684,12.335999999999999
667,-8.024,3.694,4.968,-2.197,7.08,4.572,-3.7680000000000002,9.27,13.020999999999999
668,-7.961,4.025,4.998,-2.21,7.122000000000001,4.721,-4.755,9.597999999999999,12.931
669,-7.779,4.293,4.99,-2.263,7.199,4.877,-5.109,10.025,12.459000000000001
670,-7.629,4.378,5.055,-2.295,7.263,5.007,-5.0569999999999995,9.888,11.029000000000002
671,-7.599,4.272,5.065,-2.3040000000000003,7.298999999999999,5.167000000000002,-3.905,9.352,8.9
672,-7.74,4.137,5.051,-2.332,7.287000000000001,5.3210000000000015,-2.011,9.006,8.224
673,-7.9979999999999976,4.17,5.065,-2.404,7.197,5.477,-0.107,7.818,7.966
674,-8.309,4.383,5.018,-2.58,7.062,5.707999999999998,2.23,6.223,6.303
675,-8.675,4.621,4.8580000000000005,-2.897,6.865,6.0379999999999985,4.235,5.096,4.306
676,-9.024,4.717,4.683,-3.2030000000000003,6.675,6.292000000000002,4.45,4.615,3.3160000000000003
677,-9.244,4.683,4.5,-3.563,6.5360000000000005,6.358,2.28,5.101,4.146
678,-9.456,4.593999999999999,4.198,-3.484,6.497000000000001,6.182,0.018000000000000002,6.229,4.4319999999999995
679,-9.524,4.452,3.905,-3.444,6.587999999999999,6.017,-2.008,7.525,3.594
680,-9.462,4.303999999999999,3.693,-3.104,6.894,6.026,-3.8369999999999997,8.636000000000001,2.553
681,-9.367,4.177,3.475,-2.64,6.774,6.238,-4.79,9.343,1.944
682,-9.258,4.081,3.236,-2.258,6.996,6.513,-4.875,9.613,2.128
683,-9.189,4.0089999999999995,3.096,-2.121,7.119,6.747000000000001,-4.354,9.469,2.7510000000000003
684,-9.123,3.97,2.96,-2.21,7.102,6.747000000000001,-3.6010000000000004,9.031,3.043
685,-9.037,3.9360000000000004,2.783,-2.502,6.9670000000000005,7.2639999999999985,-2.8310000000000004,8.61,3.025
686,-8.896,3.887,2.622,-2.841,6.729,7.141,-2.039,8.343,2.9189999999999996
687,-8.698,3.826,2.48,-3.074,6.449,7.175,-1.314,8.235,2.915
688,-8.502,3.7510000000000003,2.358,-3.187,6.25,7.131,-0.937,8.277999999999999,2.948
689,-8.335,3.705,2.259,-3.135,6.223,6.941,-1.001,8.52,2.872
690,-8.137,3.728,2.205,-2.901,6.41,6.6,-1.3769999999999998,8.838,2.765
691,-7.8660000000000005,3.79,2.173,-2.602,6.723,6.414,-1.786,9.076,2.72
692,-7.572999999999999,3.87,2.184,-2.33,7.022,6.3660000000000005,-2.11,9.102,2.7560000000000002
693,-7.2920000000000025,3.9619999999999997,2.218,-2.349,7.325,6.527,-2.417,8.982000000000003,2.838
694,-6.992999999999999,4.081,2.255,-2.9410000000000003,7.587999999999999,6.782,-2.35,8.741,2.7739999999999996
695,-6.715,4.225,2.274,-3.928,7.787000000000001,7.034,-2.449,8.519,2.574
696,-6.481,4.313,2.283,-5.246,7.845,7.19,-2.421,8.519,2.416
697,-6.239,4.331,2.349,-6.565,7.751,7.257999999999999,-2.3480000000000003,8.447000000000001,2.211
698,-6.006,4.365,2.419,-7.362,7.5379999999999985,7.217,-2.28,8.866,1.996
699,-5.8370000000000015,4.405,2.51,-7.475,7.3,7.064,-2.221,9.141,1.911
